Workbook
Name SegmentaciónDeDatos_Aerolínea: #N/A
Name SegmentaciónDeDatos_Año: #N/A

Sheet Datos Aerolíneas
A1: Aerolínea | B1: Año | C1: Gastos combustible | D1: Gastos totales (miles)
A2: Iberia | B2: 2001 | C2: 106650 | D2: 1140640
A3: Air Europa | B3: 2001 | C3: 103795 | D3: 569292
A4: Ryanair | B4: 2001 | C4: 118788 | D4: 286298
A5: Easyjet | B5: 2001 | C5: 114987 | D5: 145167
A6: Iberojet | B6: 2001 | C6: 118222 | D6: 91361
A7: American Airlines | B7: 2001 | C7: 117112 | D7: 68978
A8: Iberia | B8: 2002 | C8: 110307 | D8: 1215690
A9: Air Europa | B9: 2002 | C9: 111477 | D9: 640614
A10: Ryanair | B10: 2002 | C10: 123798 | D10: 309290
A11: Easyjet | B11: 2002 | C11: 120501 | D11: 170192
A12: Iberojet | B12: 2002 | C12: 116223 | D12: 95428
A13: American Airlines | B13: 2002 | C13: 119420 | D13: 74904
... A91: American Airlines | B91: 2015 | C91: 819476 | D91: 1009500

Sheet Tablas Dinámicas
E2: DASHBOARD GASTOS AEROLÍNEAS
A5: Gastos totales (miles) | P5: Años | Q5: Total Gastos combustible | R5: Total Gastos (miles) | T5: Aerolineas | U5: Total Gastos (miles)
A6: 101027145 | P6: 2001 | Q6: 679554 | R6: 2301736 | T6: Air Europa | U6: 31918255
A7: Gastos combustible | P7: 2002 | Q7: 701726 | R7: 2506118 | T7: American Airlines | U7: 4705537
A8: 42451471 | P8: 2003 | Q8: 705968 | R8: 2858803 | T8: Easyjet | U8: 9571326
P9: 2004 | Q9: 747634 | R9: 3408925 | T9: Iberia | U9: 39585050
P10: 2005 | Q10: 1280945 | R10: 3941906 | T10: Iberojet | U10: 4399139
P11: 2006 | Q11: 1675035 | R11: 4355582 | T11: Ryanair | U11: 10847838
P12: 2007 | Q12: 1832425 | R12: 4848733
P13: 2008 | Q13: 2106566 | R13: 5548301 | T13: Aerolineas | U13: Promedio de Gastos combustible
P14: 2009 | Q14: 2310525 | R14: 6454748 | T14: Air Europa | U14: 466286.73
P15: 2010 | Q15: 3347542 | R15: 8020356 | T15: American Airlines | U15: 473695.33
P16: 2011 | Q16: 5148943 | R16: 9661270 | T16: Easyjet | U16: 473368.13
P17: 2012 | Q17: 6046129 | R17: 10634533 | T17: Iberia | U17: 462320.2
P18: 2013 | Q18: 5675129 | R18: 11167822 | T18: Iberojet | U18: 478078.8
P19: 2014 | Q19: 5209027 | R19: 12133405 | T19: Ryanair | U19: 476348.87
P20: 2015 | Q20: 4984323 | R20: 13184907

Sheet Tablas
A1: Gastos Totales | C1: Filtro Aerolínea | E1: Lista Aerolíneas | F1: Gastos Totales por aerolínea | G1: Gastos Totales por aerolínea (Selección) | J1: Lista Años | K1: Gastos Totales por Año | L1: Gastos combustible por Año
A2: =SUMIFS(Table1[Gastos totales (miles)],Table1[Aerolínea],Tablas!C2) -> 31918255 | C2: {=_xlfn.XLOOKUP(C3,D2:D7,_xlfn.ANCHORARRAY(E2))} -> Air Europa | D2: 1 | E2: {=_xlfn.UNIQUE(Table1[Aerolínea])} -> Iberia | F2: =SUMIFS(Table1[Gastos totales (miles)],Table1[Aerolínea],Tablas!E2,Table1[Año],Tablas!$H$3) -> 2022890 | G2: =IF(E2=$C$2,F2,0) -> 0 | H2: 7 | I2: 1 | J2: 2001 | K2: =SUMIFS('Datos Aerolíneas'!D:D,'Datos Aerolíneas'!A:A,Tablas!$C$2,'Datos Aerolíneas'!B:B,Tablas!J2) -> 569292 | L2: =SUMIFS('Datos Aerolíneas'!C:C,'Datos Aerolíneas'!A:A,Tablas!$C$2,'Datos Aerolíneas'!B:B,Tablas!J2) -> 103795
C3: 2 | D3: 2 | E3: Air Europa | F3: =SUMIFS(Table1[Gastos totales (miles)],Table1[Aerolínea],Tablas!E3,Table1[Año],Tablas!$H$3) -> 1501350 | G3: =IF(E3=$C$2,F3,0) -> 1501350 | H3: =_xlfn.XLOOKUP(Tablas!H2,Tablas!I2:I16,Tablas!J2:J16) -> 2007 | I3: 2 | J3: 2002 | K3: =SUMIFS('Datos Aerolíneas'!D:D,'Datos Aerolíneas'!A:A,Tablas!$C$2,'Datos Aerolíneas'!B:B,Tablas!J3) -> 640614 | L3: =SUMIFS('Datos Aerolíneas'!C:C,'Datos Aerolíneas'!A:A,Tablas!$C$2,'Datos Aerolíneas'!B:B,Tablas!J3) -> 111477
A4: Gastos Combustible | D4: 3 | E4: Ryanair | F4: =SUMIFS(Table1[Gastos totales (miles)],Table1[Aerolínea],Tablas!E4,Table1[Año],Tablas!$H$3) -> 575347 | G4: =IF(E4=$C$2,F4,0) -> 0 | I4: 3 | J4: 2003 | K4: =SUMIFS('Datos Aerolíneas'!D:D,'Datos Aerolíneas'!A:A,Tablas!$C$2,'Datos Aerolíneas'!B:B,Tablas!J4) -> 777655 | L4: =SUMIFS('Datos Aerolíneas'!C:C,'Datos Aerolíneas'!A:A,Tablas!$C$2,'Datos Aerolíneas'!B:B,Tablas!J4) -> 118664
A5: =SUMIFS(Table1[Gastos combustible],Table1[Aerolínea],Tablas!C2) -> 6994301 | D5: 4 | E5: Easyjet | F5: =SUMIFS(Table1[Gastos totales (miles)],Table1[Aerolínea],Tablas!E5,Table1[Año],Tablas!$H$3) -> 420915 | G5: =IF(E5=$C$2,F5,0) -> 0 | I5: 4 | J5: 2004 | K5: =SUMIFS('Datos Aerolíneas'!D:D,'Datos Aerolíneas'!A:A,Tablas!$C$2,'Datos Aerolíneas'!B:B,Tablas!J5) -> 999294 | L5: =SUMIFS('Datos Aerolíneas'!C:C,'Datos Aerolíneas'!A:A,Tablas!$C$2,'Datos Aerolíneas'!B:B,Tablas!J5) -> 114797
D6: 5 | E6: Iberojet | F6: =SUMIFS(Table1[Gastos totales (miles)],Table1[Aerolínea],Tablas!E6,Table1[Año],Tablas!$H$3) -> 183169 | G6: =IF(E6=$C$2,F6,0) -> 0 | I6: 5 | J6: 2005 | K6: =SUMIFS('Datos Aerolíneas'!D:D,'Datos Aerolíneas'!A:A,Tablas!$C$2,'Datos Aerolíneas'!B:B,Tablas!J6) -> 1203970 | L6: =SUMIFS('Datos Aerolíneas'!C:C,'Datos Aerolíneas'!A:A,Tablas!$C$2,'Datos Aerolíneas'!B:B,Tablas!J6) -> 215322
D7: 6 | E7: American Airlines | F7: =SUMIFS(Table1[Gastos totales (miles)],Table1[Aerolínea],Tablas!E7,Table1[Año],Tablas!$H$3) -> 145062 | G7: =IF(E7=$C$2,F7,0) -> 0 | I7: 6 | J7: 2006 | K7: =SUMIFS('Datos Aerolíneas'!D:D,'Datos Aerolíneas'!A:A,Tablas!$C$2,'Datos Aerolíneas'!B:B,Tablas!J7) -> 1358100 | L7: =SUMIFS('Datos Aerolíneas'!C:C,'Datos Aerolíneas'!A:A,Tablas!$C$2,'Datos Aerolíneas'!B:B,Tablas!J7) -> 281704
I8: 7 | J8: 2007 | K8: =SUMIFS('Datos Aerolíneas'!D:D,'Datos Aerolíneas'!A:A,Tablas!$C$2,'Datos Aerolíneas'!B:B,Tablas!J8) -> 1501350 | L8: =SUMIFS('Datos Aerolíneas'!C:C,'Datos Aerolíneas'!A:A,Tablas!$C$2,'Datos Aerolíneas'!B:B,Tablas!J8) -> 304818
I9: 8 | J9: 2008 | K9: =SUMIFS('Datos Aerolíneas'!D:D,'Datos Aerolíneas'!A:A,Tablas!$C$2,'Datos Aerolíneas'!B:B,Tablas!J9) -> 1709270 | L9: =SUMIFS('Datos Aerolíneas'!C:C,'Datos Aerolíneas'!A:A,Tablas!$C$2,'Datos Aerolíneas'!B:B,Tablas!J9) -> 348609
I10: 9 | J10: 2009 | K10: =SUMIFS('Datos Aerolíneas'!D:D,'Datos Aerolíneas'!A:A,Tablas!$C$2,'Datos Aerolíneas'!B:B,Tablas!J10) -> 2025400 | L10: =SUMIFS('Datos Aerolíneas'!C:C,'Datos Aerolíneas'!A:A,Tablas!$C$2,'Datos Aerolíneas'!B:B,Tablas!J10) -> 374579
I11: 10 | J11: 2010 | K11: =SUMIFS('Datos Aerolíneas'!D:D,'Datos Aerolíneas'!A:A,Tablas!$C$2,'Datos Aerolíneas'!B:B,Tablas!J11) -> 2548370 | L11: =SUMIFS('Datos Aerolíneas'!C:C,'Datos Aerolíneas'!A:A,Tablas!$C$2,'Datos Aerolíneas'!B:B,Tablas!J11) -> 544109
I12: 11 | J12: 2011 | K12: =SUMIFS('Datos Aerolíneas'!D:D,'Datos Aerolíneas'!A:A,Tablas!$C$2,'Datos Aerolíneas'!B:B,Tablas!J12) -> 3137740 | L12: =SUMIFS('Datos Aerolíneas'!C:C,'Datos Aerolíneas'!A:A,Tablas!$C$2,'Datos Aerolíneas'!B:B,Tablas!J12) -> 853356
I13: 12 | J13: 2012 | K13: =SUMIFS('Datos Aerolíneas'!D:D,'Datos Aerolíneas'!A:A,Tablas!$C$2,'Datos Aerolíneas'!B:B,Tablas!J13) -> 3557700 | L13: =SUMIFS('Datos Aerolíneas'!C:C,'Datos Aerolíneas'!A:A,Tablas!$C$2,'Datos Aerolíneas'!B:B,Tablas!J13) -> 1003200
I14: 13 | J14: 2013 | K14: =SUMIFS('Datos Aerolíneas'!D:D,'Datos Aerolíneas'!A:A,Tablas!$C$2,'Datos Aerolíneas'!B:B,Tablas!J14) -> 3717740 | L14: =SUMIFS('Datos Aerolíneas'!C:C,'Datos Aerolíneas'!A:A,Tablas!$C$2,'Datos Aerolíneas'!B:B,Tablas!J14) -> 941977
I15: 14 | J15: 2014 | K15: =SUMIFS('Datos Aerolíneas'!D:D,'Datos Aerolíneas'!A:A,Tablas!$C$2,'Datos Aerolíneas'!B:B,Tablas!J15) -> 3962370 | L15: =SUMIFS('Datos Aerolíneas'!C:C,'Datos Aerolíneas'!A:A,Tablas!$C$2,'Datos Aerolíneas'!B:B,Tablas!J15) -> 856533
I16: 15 | J16: 2015 | K16: =SUMIFS('Datos Aerolíneas'!D:D,'Datos Aerolíneas'!A:A,Tablas!$C$2,'Datos Aerolíneas'!B:B,Tablas!J16) -> 4209390 | L16: =SUMIFS('Datos Aerolíneas'!C:C,'Datos Aerolíneas'!A:A,Tablas!$C$2,'Datos Aerolíneas'!B:B,Tablas!J16) -> 821361
E24: Lista Aerolíneas | F24: Gastos Promedio Combustible por aerolínea | G24: Gastos Promedio Combustible por aerolínea (Selección)
E25: Iberia | F25: =AVERAGEIFS(Table1[Gastos combustible],Table1[Aerolínea],Tablas!E25,Table1[Año],Tablas!$H$3) -> 263451
E26: Air Europa | F26: =AVERAGEIFS(Table1[Gastos combustible],Table1[Aerolínea],Tablas!E26) -> 466286.73
E27: Ryanair | F27: =AVERAGEIFS(Table1[Gastos combustible],Table1[Aerolínea],Tablas!E27) -> 476348.87
E28: Easyjet | F28: =AVERAGEIFS(Table1[Gastos combustible],Table1[Aerolínea],Tablas!E28) -> 473368.13
E29: Iberojet | F29: =AVERAGEIFS(Table1[Gastos combustible],Table1[Aerolínea],Tablas!E29) -> 478078.8
E30: American Airlines | F30: =AVERAGEIFS(Table1[Gastos combustible],Table1[Aerolínea],Tablas!E30) -> 473695.33
E32: Gastos Promedio Combustible por aerolínea (Selección) | F32: =AVERAGEIFS(Table1[Gastos combustible],Table1[Aerolínea],Tablas!C2,Table1[Año],Tablas!$H$3) -> 304818
E33: Otros | F33: =SUM(F25:F30)-F32 -> 2326410.9
E34: Porcentaje | F34: =F32/SUM(F25:F30) -> 0.11584625

Sheet Dashboard
F2: DASHBOARD GASTOS AEROLÍNEAS
B5: Gastos Totales
B6: =SUMIFS(Table1[Gastos totales (miles)],Table1[Aerolínea],Tablas!C2) -> 31918255
B7: Gastos Combustible
B8: =SUMIFS(Table1[Gastos combustible],Table1[Aerolínea],Tablas!C2) -> 6994301
B18: =_xlfn.XLOOKUP(Tablas!H2,Tablas!I2:I16,Tablas!J2:J16) -> 2007
