Workbook

Sheet Datos
A1: Año | B1: Industria | C1: Estado | D1: Establecimientos | E1: Empleados | F1: Salario anual promedio
A2: 2024 | B2: Energía | C2: Alabama | D2: 4029 | E2: 24510 | F2: 53206
A3: 2024 | B3: Energía | C3: Arizona | D3: 13917 | E3: 148837 | F3: 71561
A4: 2024 | B4: Energía | C4: Arkansas | D4: 2283 | E4: 11124 | F4: 57486
A5: 2024 | B5: Energía | C5: California | D5: 21888 | E5: 245234 | F5: 55653
A6: 2024 | B6: Energía | C6: Colorado | D6: 35993 | E6: 430516 | F6: 56745
A7: 2024 | B7: Energía | C7: Connecticut | D7: 14308 | E7: 146700 | F7: 60316
A8: 2024 | B8: Energía | C8: Delaware | D8: 208425 | E8: 2667839 | F8: 91070
A9: 2024 | B9: Energía | C9: Florida | D9: 52525 | E9: 423946 | F9: 81401
A10: 2024 | B10: Energía | C10: Georgia | D10: 23279 | E10: 221029 | F10: 87958
A11: 2024 | B11: Energía | C11: Idaho | D11: 8956 | E11: 63405 | F11: 80066
A12: 2024 | B12: Energía | C12: Illinois | D12: 161890 | E12: 1365136 | F12: 60914
A13: 2024 | B13: Energía | C13: Indiana | D13: 54714 | E13: 687321 | F13: 66989
... A1919: 2021 | B1919: Tecnología | C1919: Wyoming | D1919: 1656 | E1919: 7231 | F1919: 35035

Sheet Instrucciones

Sheet Tablas
B1: FILTRO INDUSTRIA | E1: SALARIO MEDIO POR INDUSTRIA | I1: EMPLEADOS POR INDUSTRIA | L1: TENDENCIAS SALARIOS Y EMPLEADOS | R1: Comparación por Estado | AA1: Estado | AB1: Población
A2: Indice | B2: Industria | C2: Selección | E2: Industria | F2: Salario promedio anual | G2: Selección | I2: Industria | J2: Empleados | L2: Año | M2: Salario promedio | N2: Empleados | R2: Estado | S2: Empleados | T2: Población | U2: Empleados por 1000 Cápita | V2: Salarios promedio | W2: =C18 -> Empleados por 1000 Cápita | AA2: #VALUE! | AB2: {=_FV(AA2,"Población")} -> 5024279
A3: 10 | B3: {=_xlfn._xlws.SORT(_xlfn.UNIQUE(Datos!B2:B1919))} -> Comercio electrónico | C3: ='Dashboard (format control)'!B7 -> Comercio electrónico | E3: Comercio electrónico | F3: =AVERAGEIFS(Datos!$F:$F,Datos!$B:$B,Tablas!E3,Datos!$A:$A,Tablas!$C$15) -> 68427.875 | G3: =IF(E3=$C$3,F3,0) -> 68427.875 | I3: Comercio electrónico | J3: =SUMIFS(Datos!$E:$E,Datos!$A:$A,Tablas!$C$15,Datos!$B:$B,Tablas!I3) -> 12058694 | L3: 2021 | M3: =AVERAGEIFS(Datos!$F:$F,Datos!$A:$A,Tablas!L3,Datos!$B:$B,Tablas!$C$3) -> 62625.292 | N3: =SUMIFS(Datos!$E:$E,Datos!$A:$A,Tablas!L3,Datos!$B:$B,Tablas!$C$3) -> 12378010 | R3: Alabama | S3: =SUMIFS(Datos!$E:$E,Datos!$A:$A,Tablas!$C$15,Datos!$B:$B,Tablas!$C$3,Datos!$C:$C,Tablas!R3) -> 258328 | T3: 5024279 | U3: =S3/T3*1000 -> 51.415935 | V3: =AVERAGEIFS(Datos!$F:$F,Datos!$A:$A,Tablas!$C$15,Datos!$B:$B,Tablas!$C$3,Datos!$C:$C,Tablas!R3) -> 60387 | W3: =IF($W$2=$V$2,-V3,U3) -> 51.415935 | AA3: #VALUE! | AB3: {=_FV(AA3,"Población")} -> 7151502
A4: 9 | B4: Comunicación | E4: Comunicación | F4: =AVERAGEIFS(Datos!$F:$F,Datos!$B:$B,Tablas!E4,Datos!$A:$A,Tablas!$C$15) -> 93586.333 | G4: =IF(E4=$C$3,F4,0) -> 0 | I4: Comunicación | J4: =SUMIFS(Datos!$E:$E,Datos!$A:$A,Tablas!$C$15,Datos!$B:$B,Tablas!I4) -> 2677815 | L4: 2022 | M4: =AVERAGEIFS(Datos!$F:$F,Datos!$A:$A,Tablas!L4,Datos!$B:$B,Tablas!$C$3) -> 64166.542 | N4: =SUMIFS(Datos!$E:$E,Datos!$A:$A,Tablas!L4,Datos!$B:$B,Tablas!$C$3) -> 12619732 | R4: Arizona | S4: =SUMIFS(Datos!$E:$E,Datos!$A:$A,Tablas!$C$15,Datos!$B:$B,Tablas!$C$3,Datos!$C:$C,Tablas!R4) -> 177110 | T4: 7151502 | U4: =S4/T4*1000 -> 24.765427 | V4: =AVERAGEIFS(Datos!$F:$F,Datos!$A:$A,Tablas!$C$15,Datos!$B:$B,Tablas!$C$3,Datos!$C:$C,Tablas!R4) -> 82375 | W4: =IF($W$2=$V$2,-V4,U4) -> 24.765427 | AA4: #VALUE! | AB4: {=_FV(AA4,"Población")} -> 3011524
A5: 8 | B5: Educación | E5: Educación | F5: =AVERAGEIFS(Datos!$F:$F,Datos!$B:$B,Tablas!E5,Datos!$A:$A,Tablas!$C$15) -> 23286.417 | G5: =IF(E5=$C$3,F5,0) -> 0 | I5: Educación | J5: =SUMIFS(Datos!$E:$E,Datos!$A:$A,Tablas!$C$15,Datos!$B:$B,Tablas!I5) -> 12649500 | L5: 2023 | M5: =AVERAGEIFS(Datos!$F:$F,Datos!$A:$A,Tablas!L5,Datos!$B:$B,Tablas!$C$3) -> 65480.25 | N5: =SUMIFS(Datos!$E:$E,Datos!$A:$A,Tablas!L5,Datos!$B:$B,Tablas!$C$3) -> 12747753 | R5: Arkansas | S5: =SUMIFS(Datos!$E:$E,Datos!$A:$A,Tablas!$C$15,Datos!$B:$B,Tablas!$C$3,Datos!$C:$C,Tablas!R5) -> 154922 | T5: 3011524 | U5: =S5/T5*1000 -> 51.443057 | V5: =AVERAGEIFS(Datos!$F:$F,Datos!$A:$A,Tablas!$C$15,Datos!$B:$B,Tablas!$C$3,Datos!$C:$C,Tablas!R5) -> 51570 | W5: =IF($W$2=$V$2,-V5,U5) -> 51.443057 | AA5: #VALUE! | AB5: {=_FV(AA5,"Población")} -> 39538223
A6: 7 | B6: Energía | E6: Energía | F6: =AVERAGEIFS(Datos!$F:$F,Datos!$B:$B,Tablas!E6,Datos!$A:$A,Tablas!$C$15) -> 66299.875 | G6: =IF(E6=$C$3,F6,0) -> 0 | I6: Energía | J6: =SUMIFS(Datos!$E:$E,Datos!$A:$A,Tablas!$C$15,Datos!$B:$B,Tablas!I6) -> 16876502 | L6: 2024 | M6: =AVERAGEIFS(Datos!$F:$F,Datos!$A:$A,Tablas!L6,Datos!$B:$B,Tablas!$C$3) -> 68427.875 | N6: =SUMIFS(Datos!$E:$E,Datos!$A:$A,Tablas!L6,Datos!$B:$B,Tablas!$C$3) -> 12058694 | R6: California | S6: =SUMIFS(Datos!$E:$E,Datos!$A:$A,Tablas!$C$15,Datos!$B:$B,Tablas!$C$3,Datos!$C:$C,Tablas!R6) -> 1263780 | T6: 39538223 | U6: =S6/T6*1000 -> 31.9635 | V6: =AVERAGEIFS(Datos!$F:$F,Datos!$A:$A,Tablas!$C$15,Datos!$B:$B,Tablas!$C$3,Datos!$C:$C,Tablas!R6) -> 109888 | W6: =IF($W$2=$V$2,-V6,U6) -> 31.9635 | AA6: #VALUE! | AB6: {=_FV(AA6,"Población")} -> 5773714
A7: 6 | B7: Finanzas | E7: Finanzas | F7: =AVERAGEIFS(Datos!$F:$F,Datos!$B:$B,Tablas!E7,Datos!$A:$A,Tablas!$C$15) -> 90040.667 | G7: =IF(E7=$C$3,F7,0) -> 0 | I7: Finanzas | J7: =SUMIFS(Datos!$E:$E,Datos!$A:$A,Tablas!$C$15,Datos!$B:$B,Tablas!I7) -> 8142043 | R7: Colorado | S7: =SUMIFS(Datos!$E:$E,Datos!$A:$A,Tablas!$C$15,Datos!$B:$B,Tablas!$C$3,Datos!$C:$C,Tablas!R7) -> 146473 | T7: 5773714 | U7: =S7/T7*1000 -> 25.368939 | V7: =AVERAGEIFS(Datos!$F:$F,Datos!$A:$A,Tablas!$C$15,Datos!$B:$B,Tablas!$C$3,Datos!$C:$C,Tablas!R7) -> 77207 | W7: =IF($W$2=$V$2,-V7,U7) -> 25.368939 | AA7: #VALUE! | AB7: {=_FV(AA7,"Población")} -> 3605944
A8: 5 | B8: Logística | E8: Logística | F8: =AVERAGEIFS(Datos!$F:$F,Datos!$B:$B,Tablas!E8,Datos!$A:$A,Tablas!$C$15) -> 63896.896 | G8: =IF(E8=$C$3,F8,0) -> 0 | I8: Logística | J8: =SUMIFS(Datos!$E:$E,Datos!$A:$A,Tablas!$C$15,Datos!$B:$B,Tablas!I8) -> 7136444 | R8: Connecticut | S8: =SUMIFS(Datos!$E:$E,Datos!$A:$A,Tablas!$C$15,Datos!$B:$B,Tablas!$C$3,Datos!$C:$C,Tablas!R8) -> 153812 | T8: 3605944 | U8: =S8/T8*1000 -> 42.655127 | V8: =AVERAGEIFS(Datos!$F:$F,Datos!$A:$A,Tablas!$C$15,Datos!$B:$B,Tablas!$C$3,Datos!$C:$C,Tablas!R8) -> 87706 | W8: =IF($W$2=$V$2,-V8,U8) -> 42.655127 | AA8: #VALUE! | AB8: {=_FV(AA8,"Población")} -> 989948
A9: 4 | B9: Negocios | E9: Negocios | F9: =AVERAGEIFS(Datos!$F:$F,Datos!$B:$B,Tablas!E9,Datos!$A:$A,Tablas!$C$15) -> 74713.062 | G9: =IF(E9=$C$3,F9,0) -> 0 | I9: Negocios | J9: =SUMIFS(Datos!$E:$E,Datos!$A:$A,Tablas!$C$15,Datos!$B:$B,Tablas!I9) -> 20065896 | R9: Delaware | S9: =SUMIFS(Datos!$E:$E,Datos!$A:$A,Tablas!$C$15,Datos!$B:$B,Tablas!$C$3,Datos!$C:$C,Tablas!R9) -> 25520 | T9: 989948 | U9: =S9/T9*1000 -> 25.779132 | V9: =AVERAGEIFS(Datos!$F:$F,Datos!$A:$A,Tablas!$C$15,Datos!$B:$B,Tablas!$C$3,Datos!$C:$C,Tablas!R9) -> 68049 | W9: =IF($W$2=$V$2,-V9,U9) -> 25.779132 | AA9: #VALUE! | AB9: {=_FV(AA9,"Población")} -> 21538187
A10: 3 | B10: Salud | E10: Salud | F10: =AVERAGEIFS(Datos!$F:$F,Datos!$B:$B,Tablas!E10,Datos!$A:$A,Tablas!$C$15) -> 53607.208 | G10: =IF(E10=$C$3,F10,0) -> 0 | I10: Salud | J10: =SUMIFS(Datos!$E:$E,Datos!$A:$A,Tablas!$C$15,Datos!$B:$B,Tablas!I10) -> 22035033 | R10: Florida | S10: =SUMIFS(Datos!$E:$E,Datos!$A:$A,Tablas!$C$15,Datos!$B:$B,Tablas!$C$3,Datos!$C:$C,Tablas!R10) -> 376070 | T10: 21538187 | U10: =S10/T10*1000 -> 17.460615 | V10: =AVERAGEIFS(Datos!$F:$F,Datos!$A:$A,Tablas!$C$15,Datos!$B:$B,Tablas!$C$3,Datos!$C:$C,Tablas!R10) -> 66758 | W10: =IF($W$2=$V$2,-V10,U10) -> 17.460615 | AA10: #VALUE! | AB10: {=_FV(AA10,"Población")} -> 10711908
A11: 2 | B11: Tecnología | E11: Tecnología | F11: =AVERAGEIFS(Datos!$F:$F,Datos!$B:$B,Tablas!E11,Datos!$A:$A,Tablas!$C$15) -> 40790.188 | G11: =IF(E11=$C$3,F11,0) -> 0 | I11: Tecnología | J11: =SUMIFS(Datos!$E:$E,Datos!$A:$A,Tablas!$C$15,Datos!$B:$B,Tablas!I11) -> 3843699 | R11: Georgia | S11: =SUMIFS(Datos!$E:$E,Datos!$A:$A,Tablas!$C$15,Datos!$B:$B,Tablas!$C$3,Datos!$C:$C,Tablas!R11) -> 382938 | T11: 10711908 | U11: =S11/T11*1000 -> 35.748813 | V11: =AVERAGEIFS(Datos!$F:$F,Datos!$A:$A,Tablas!$C$15,Datos!$B:$B,Tablas!$C$3,Datos!$C:$C,Tablas!R11) -> 60184 | W11: =IF($W$2=$V$2,-V11,U11) -> 35.748813 | AA11: #VALUE! | AB11: {=_FV(AA11,"Población")} -> 1839106
A12: 1 | B12: Transporte | E12: Transporte | F12: =AVERAGEIFS(Datos!$F:$F,Datos!$B:$B,Tablas!E12,Datos!$A:$A,Tablas!$C$15) -> 49366.812 | G12: =IF(E12=$C$3,F12,0) -> 0 | I12: Transporte | J12: =SUMIFS(Datos!$E:$E,Datos!$A:$A,Tablas!$C$15,Datos!$B:$B,Tablas!I12) -> 26277342 | R12: Idaho | S12: =SUMIFS(Datos!$E:$E,Datos!$A:$A,Tablas!$C$15,Datos!$B:$B,Tablas!$C$3,Datos!$C:$C,Tablas!R12) -> 67700 | T12: 1839106 | U12: =S12/T12*1000 -> 36.811364 | V12: =AVERAGEIFS(Datos!$F:$F,Datos!$A:$A,Tablas!$C$15,Datos!$B:$B,Tablas!$C$3,Datos!$C:$C,Tablas!R12) -> 65603 | W12: =IF($W$2=$V$2,-V12,U12) -> 36.811364 | AA12: #VALUE! | AB12: {=_FV(AA12,"Población")} -> 12812508
R13: Illinois | S13: =SUMIFS(Datos!$E:$E,Datos!$A:$A,Tablas!$C$15,Datos!$B:$B,Tablas!$C$3,Datos!$C:$C,Tablas!R13) -> 554712 | T13: 12812508 | U13: =S13/T13*1000 -> 43.294568 | V13: =AVERAGEIFS(Datos!$F:$F,Datos!$A:$A,Tablas!$C$15,Datos!$B:$B,Tablas!$C$3,Datos!$C:$C,Tablas!R13) -> 74855 | W13: =IF($W$2=$V$2,-V13,U13) -> 43.294568 | AA13: #VALUE! | AB13: {=_FV(AA13,"Población")} -> 6785528
B14: FILTRO FECHA | I14: EMPLEADOS POR INDUSTRIA (LIMPIO) | R14: Indiana | S14: =SUMIFS(Datos!$E:$E,Datos!$A:$A,Tablas!$C$15,Datos!$B:$B,Tablas!$C$3,Datos!$C:$C,Tablas!R14) -> 504460 | T14: 6785528 | U14: =S14/T14*1000 -> 74.343515 | V14: =AVERAGEIFS(Datos!$F:$F,Datos!$A:$A,Tablas!$C$15,Datos!$B:$B,Tablas!$C$3,Datos!$C:$C,Tablas!R14) -> 65092 | W14: =IF($W$2=$V$2,-V14,U14) -> 74.343515 | AA14: #VALUE! | AB14: {=_FV(AA14,"Población")} -> 3190369
B15: Año actual: | C15: 2024 | I15: Industria | J15: Empleados | R15: Iowa | S15: =SUMIFS(Datos!$E:$E,Datos!$A:$A,Tablas!$C$15,Datos!$B:$B,Tablas!$C$3,Datos!$C:$C,Tablas!R15) -> 216615 | T15: 3190369 | U15: =S15/T15*1000 -> 67.896535 | V15: =AVERAGEIFS(Datos!$F:$F,Datos!$A:$A,Tablas!$C$15,Datos!$B:$B,Tablas!$C$3,Datos!$C:$C,Tablas!R15) -> 63103 | W15: =IF($W$2=$V$2,-V15,U15) -> 67.896535 | AA15: #VALUE! | AB15: {=_FV(AA15,"Población")} -> 2937880
I16: =C3 -> Comercio electrónico | J16: =_xlfn.XLOOKUP(I16,I3:I12,J3:J12) -> 12058694 | R16: Kansas | S16: =SUMIFS(Datos!$E:$E,Datos!$A:$A,Tablas!$C$15,Datos!$B:$B,Tablas!$C$3,Datos!$C:$C,Tablas!R16) -> 158784 | T16: 2937880 | U16: =S16/T16*1000 -> 54.047136 | V16: =AVERAGEIFS(Datos!$F:$F,Datos!$A:$A,Tablas!$C$15,Datos!$B:$B,Tablas!$C$3,Datos!$C:$C,Tablas!R16) -> 62958 | W16: =IF($W$2=$V$2,-V16,U16) -> 54.047136 | AA16: #VALUE! | AB16: {=_FV(AA16,"Población")} -> 4505836
B17: FILTRO MAPA | I17: Otros | J17: =SUM(J3:J12)-J16 -> 119704274 | R17: Kentucky | S17: =SUMIFS(Datos!$E:$E,Datos!$A:$A,Tablas!$C$15,Datos!$B:$B,Tablas!$C$3,Datos!$C:$C,Tablas!R17) -> 235564 | T17: 4505836 | U17: =S17/T17*1000 -> 52.279755 | V17: =AVERAGEIFS(Datos!$F:$F,Datos!$A:$A,Tablas!$C$15,Datos!$B:$B,Tablas!$C$3,Datos!$C:$C,Tablas!R17) -> 62902 | W17: =IF($W$2=$V$2,-V17,U17) -> 52.279755 | AA17: #VALUE! | AB17: {=_FV(AA17,"Población")} -> 4657757
B18: Métrica: | C18: =IF('Dashboard (format control)'!A1=1,Tablas!V2,Tablas!U2) -> Empleados por 1000 Cápita | I18: Porcentaje | J18: =J16/SUM(J3:J12) -> 0.091518081 | R18: Louisiana | S18: =SUMIFS(Datos!$E:$E,Datos!$A:$A,Tablas!$C$15,Datos!$B:$B,Tablas!$C$3,Datos!$C:$C,Tablas!R18) -> 131430 | T18: 4657757 | U18: =S18/T18*1000 -> 28.217445 | V18: =AVERAGEIFS(Datos!$F:$F,Datos!$A:$A,Tablas!$C$15,Datos!$B:$B,Tablas!$C$3,Datos!$C:$C,Tablas!R18) -> 78183 | W18: =IF($W$2=$V$2,-V18,U18) -> 28.217445 | AA18: #VALUE! | AB18: {=_FV(AA18,"Población")} -> 1362359
R19: Maine | S19: =SUMIFS(Datos!$E:$E,Datos!$A:$A,Tablas!$C$15,Datos!$B:$B,Tablas!$C$3,Datos!$C:$C,Tablas!R19) -> 50166 | T19: 1362359 | U19: =S19/T19*1000 -> 36.822893 | V19: =AVERAGEIFS(Datos!$F:$F,Datos!$A:$A,Tablas!$C$15,Datos!$B:$B,Tablas!$C$3,Datos!$C:$C,Tablas!R19) -> 61682 | W19: =IF($W$2=$V$2,-V19,U19) -> 36.822893 | AA19: #VALUE! | AB19: {=_FV(AA19,"Población")} -> 6165129
R20: Maryland | S20: =SUMIFS(Datos!$E:$E,Datos!$A:$A,Tablas!$C$15,Datos!$B:$B,Tablas!$C$3,Datos!$C:$C,Tablas!R20) -> 108500 | T20: 6165129 | U20: =S20/T20*1000 -> 17.598983 | V20: =AVERAGEIFS(Datos!$F:$F,Datos!$A:$A,Tablas!$C$15,Datos!$B:$B,Tablas!$C$3,Datos!$C:$C,Tablas!R20) -> 85426 | W20: =IF($W$2=$V$2,-V20,U20) -> 17.598983 | AA20: #VALUE! | AB20: {=_FV(AA20,"Población")} -> 7029917
R21: Massachusetts | S21: =SUMIFS(Datos!$E:$E,Datos!$A:$A,Tablas!$C$15,Datos!$B:$B,Tablas!$C$3,Datos!$C:$C,Tablas!R21) -> 229741 | T21: 7029917 | U21: =S21/T21*1000 -> 32.680471 | V21: =AVERAGEIFS(Datos!$F:$F,Datos!$A:$A,Tablas!$C$15,Datos!$B:$B,Tablas!$C$3,Datos!$C:$C,Tablas!R21) -> 96190 | W21: =IF($W$2=$V$2,-V21,U21) -> 32.680471 | AA21: #VALUE! | AB21: {=_FV(AA21,"Población")} -> 10077331
R22: Michigan | S22: =SUMIFS(Datos!$E:$E,Datos!$A:$A,Tablas!$C$15,Datos!$B:$B,Tablas!$C$3,Datos!$C:$C,Tablas!R22) -> 554767 | T22: 10077331 | U22: =S22/T22*1000 -> 55.050985 | V22: =AVERAGEIFS(Datos!$F:$F,Datos!$A:$A,Tablas!$C$15,Datos!$B:$B,Tablas!$C$3,Datos!$C:$C,Tablas!R22) -> 70769 | W22: =IF($W$2=$V$2,-V22,U22) -> 55.050985 | AA22: #VALUE! | AB22: {=_FV(AA22,"Población")} -> 5706494
R23: Minnesota | S23: =SUMIFS(Datos!$E:$E,Datos!$A:$A,Tablas!$C$15,Datos!$B:$B,Tablas!$C$3,Datos!$C:$C,Tablas!R23) -> 309006 | T23: 5706494 | U23: =S23/T23*1000 -> 54.149886 | V23: =AVERAGEIFS(Datos!$F:$F,Datos!$A:$A,Tablas!$C$15,Datos!$B:$B,Tablas!$C$3,Datos!$C:$C,Tablas!R23) -> 70870 | W23: =IF($W$2=$V$2,-V23,U23) -> 54.149886 | AA23: #VALUE! | AB23: {=_FV(AA23,"Población")} -> 2961279
R24: Mississippi | S24: =SUMIFS(Datos!$E:$E,Datos!$A:$A,Tablas!$C$15,Datos!$B:$B,Tablas!$C$3,Datos!$C:$C,Tablas!R24) -> 139480 | T24: 2961279 | U24: =S24/T24*1000 -> 47.101269 | V24: =AVERAGEIFS(Datos!$F:$F,Datos!$A:$A,Tablas!$C$15,Datos!$B:$B,Tablas!$C$3,Datos!$C:$C,Tablas!R24) -> 51918 | W24: =IF($W$2=$V$2,-V24,U24) -> 47.101269 | AA24: #VALUE! | AB24: {=_FV(AA24,"Población")} -> 6154913
R25: Missouri | S25: =SUMIFS(Datos!$E:$E,Datos!$A:$A,Tablas!$C$15,Datos!$B:$B,Tablas!$C$3,Datos!$C:$C,Tablas!R25) -> 266452 | T25: 6154913 | U25: =S25/T25*1000 -> 43.290945 | V25: =AVERAGEIFS(Datos!$F:$F,Datos!$A:$A,Tablas!$C$15,Datos!$B:$B,Tablas!$C$3,Datos!$C:$C,Tablas!R25) -> 61836 | W25: =IF($W$2=$V$2,-V25,U25) -> 43.290945 | AA25: #VALUE! | AB25: {=_FV(AA25,"Población")} -> 1084225
R26: Montana | S26: =SUMIFS(Datos!$E:$E,Datos!$A:$A,Tablas!$C$15,Datos!$B:$B,Tablas!$C$3,Datos!$C:$C,Tablas!R26) -> 20421 | T26: 1084225 | U26: =S26/T26*1000 -> 18.834651 | V26: =AVERAGEIFS(Datos!$F:$F,Datos!$A:$A,Tablas!$C$15,Datos!$B:$B,Tablas!$C$3,Datos!$C:$C,Tablas!R26) -> 54178 | W26: =IF($W$2=$V$2,-V26,U26) -> 18.834651 | AA26: #VALUE! | AB26: {=_FV(AA26,"Población")} -> 1961504
R27: Nebraska | S27: =SUMIFS(Datos!$E:$E,Datos!$A:$A,Tablas!$C$15,Datos!$B:$B,Tablas!$C$3,Datos!$C:$C,Tablas!R27) -> 97530 | T27: 1961504 | U27: =S27/T27*1000 -> 49.72205 | V27: =AVERAGEIFS(Datos!$F:$F,Datos!$A:$A,Tablas!$C$15,Datos!$B:$B,Tablas!$C$3,Datos!$C:$C,Tablas!R27) -> 56492 | W27: =IF($W$2=$V$2,-V27,U27) -> 49.72205 | AA27: #VALUE! | AB27: {=_FV(AA27,"Población")} -> 3104614
R28: Nevada | S28: =SUMIFS(Datos!$E:$E,Datos!$A:$A,Tablas!$C$15,Datos!$B:$B,Tablas!$C$3,Datos!$C:$C,Tablas!R28) -> 55673 | T28: 3104614 | U28: =S28/T28*1000 -> 17.932342 | V28: =AVERAGEIFS(Datos!$F:$F,Datos!$A:$A,Tablas!$C$15,Datos!$B:$B,Tablas!$C$3,Datos!$C:$C,Tablas!R28) -> 66821 | W28: =IF($W$2=$V$2,-V28,U28) -> 17.932342 | AA28: #VALUE! | AB28: {=_FV(AA28,"Población")} -> 1377529
R29: New Hampshire | S29: =SUMIFS(Datos!$E:$E,Datos!$A:$A,Tablas!$C$15,Datos!$B:$B,Tablas!$C$3,Datos!$C:$C,Tablas!R29) -> 67282 | T29: 1377529 | U29: =S29/T29*1000 -> 48.842529 | V29: =AVERAGEIFS(Datos!$F:$F,Datos!$A:$A,Tablas!$C$15,Datos!$B:$B,Tablas!$C$3,Datos!$C:$C,Tablas!R29) -> 77769 | W29: =IF($W$2=$V$2,-V29,U29) -> 48.842529 | AA29: #VALUE! | AB29: {=_FV(AA29,"Población")} -> 9288994
R30: New Jersey | S30: =SUMIFS(Datos!$E:$E,Datos!$A:$A,Tablas!$C$15,Datos!$B:$B,Tablas!$C$3,Datos!$C:$C,Tablas!R30) -> 235850 | T30: 9288994 | U30: =S30/T30*1000 -> 25.390263 | V30: =AVERAGEIFS(Datos!$F:$F,Datos!$A:$A,Tablas!$C$15,Datos!$B:$B,Tablas!$C$3,Datos!$C:$C,Tablas!R30) -> 86277 | W30: =IF($W$2=$V$2,-V30,U30) -> 25.390263 | AA30: #VALUE! | AB30: {=_FV(AA30,"Población")} -> 2117522
... R49: Wisconsin | S49: =SUMIFS(Datos!$E:$E,Datos!$A:$A,Tablas!$C$15,Datos!$B:$B,Tablas!$C$3,Datos!$C:$C,Tablas!R49) -> 458262 | T49: 5893718 | U49: =S49/T49*1000 -> 77.754314 | V49: =AVERAGEIFS(Datos!$F:$F,Datos!$A:$A,Tablas!$C$15,Datos!$B:$B,Tablas!$C$3,Datos!$C:$C,Tablas!R49) -> 61039 | W49: =IF($W$2=$V$2,-V49,U49) -> 77.754314 | AA49: #VALUE! | AB49: {=_FV(AA49,"Población")} -> 576851
R50: Wyoming | S50: =SUMIFS(Datos!$E:$E,Datos!$A:$A,Tablas!$C$15,Datos!$B:$B,Tablas!$C$3,Datos!$C:$C,Tablas!R50) -> 9580 | T50: 576851 | U50: =S50/T50*1000 -> 16.607408 | V50: =AVERAGEIFS(Datos!$F:$F,Datos!$A:$A,Tablas!$C$15,Datos!$B:$B,Tablas!$C$3,Datos!$C:$C,Tablas!R50) -> 70308 | W50: =IF($W$2=$V$2,-V50,U50) -> 16.607408

Sheet Dashboard (format control)
A1: 2
A2: 10
B7: {=_xlfn.XLOOKUP(A2,Tablas!A3:A12,_xlfn.ANCHORARRAY(Tablas!B3))} -> Comercio electrónico
